"post_id","name","grade_id","created_by","date_created","retired","retired_by","date_retired","retire_reason","modified_by","date_modified","description"
"0","DEPUTY DIRECTOR NON  COMMUNICABLE DISEASES",NULL,NULL,"2012-11-07 00:00:00","0",NULL,NULL,NULL,NULL,"2012-11-07 00:00:00","1"
"00","DEPUTY DIRECTOR NON COMMUNICABLE DISEASES",NULL,NULL,"2012-11-07 00:00:00","0",NULL,NULL,NULL,NULL,"2012-11-07 00:00:00","1"
"00000","CUBAN MEDICAL PERSONAL",NULL,NULL,"2012-11-07 00:00:00","0",NULL,NULL,NULL,NULL,"2012-11-07 00:00:00","1"
"000003","PORT HEALTH OFFICER",NULL,NULL,"2012-11-07 00:00:00","0",NULL,NULL,NULL,NULL,"2012-11-07 00:00:00","1"
"000005","SISTER IN CHARGE COMMUNITY",NULL,NULL,"2012-11-07 00:00:00","0",NULL,NULL,NULL,NULL,"2012-11-07 00:00:00","1"
"000006","SISTER COMMUNITY",NULL,NULL,"2012-11-07 00:00:00","0",NULL,NULL,NULL,NULL,"2012-11-07 00:00:00","1"
"000007","CLINICAL NURSING OFFICER",NULL,NULL,"2012-11-07 00:00:00","0",NULL,NULL,NULL,NULL,"2012-11-07 00:00:00","1"
"000008","PORT HEALTH TECHNICIAN",NULL,NULL,"2012-11-07 00:00:00","0",NULL,NULL,NULL,NULL,"2012-11-07 00:00:00","1"
"000009","HEALTH SERVICES ADMINISTRATOR",NULL,NULL,"2012-11-07 00:00:00","0",NULL,NULL,NULL,NULL,"2012-11-07 00:00:00","1"
"000010","X-RAY OPERATOR",NULL,NULL,"2012-11-07 00:00:00","0",NULL,NULL,NULL,NULL,"2012-11-07 00:00:00","1"
"0001","EXECUTIVE DIRECTOR",NULL,NULL,"2012-11-07 00:00:00","0",NULL,NULL,NULL,NULL,"2012-11-07 00:00:00","1"
"0002","DEPUTY DIRECTOR CONDITIONS OF SERVICE",NULL,NULL,"2012-11-07 00:00:00","0",NULL,NULL,NULL,NULL,"2012-11-07 00:00:00","1"
"0003","DEPUTY DIRECTOR LEGAL AFFAIRS",NULL,NULL,"2012-11-07 00:00:00","0",NULL,NULL,NULL,NULL,"2012-11-07 00:00:00","1"
"0004","DIRECTOR CONDITIONS OF SERVICE AND PUBLIC RELATIONS",NULL,NULL,"2012-11-07 00:00:00","0",NULL,NULL,NULL,NULL,"2012-11-07 00:00:00","1"
"0005","DEPUTY DIRECTOR MANPOWER PLANNING AND DEVELOPMENT",NULL,NULL,"2012-11-07 00:00:00","0",NULL,NULL,NULL,NULL,"2012-11-07 00:00:00","1"
"0006","SNR/ PRINCIPAL CONDITIONS OF SERVICE OFFICER",NULL,NULL,"2012-11-07 00:00:00","0",NULL,NULL,NULL,NULL,"2012-11-07 00:00:00","1"
"0007","CHIEF CORPORATE SERVICE OFFICER",NULL,NULL,"2012-11-07 00:00:00","0",NULL,NULL,NULL,NULL,"2012-11-07 00:00:00","1"
"0008","INFORMATION OFFICER",NULL,NULL,"2012-11-07 00:00:00","0",NULL,NULL,NULL,NULL,"2012-11-07 00:00:00","1"
"0009","INFOMATION OFFICER",NULL,NULL,"2012-11-07 00:00:00","0",NULL,NULL,NULL,NULL,"2012-11-07 00:00:00","1"
"001","TO DELETE",NULL,NULL,"2012-11-07 00:00:00","0",NULL,NULL,NULL,NULL,"2012-11-07 00:00:00","1"
"0010","CORPORATE SERVICE OFFICER",NULL,NULL,"2012-11-07 00:00:00","0",NULL,NULL,NULL,NULL,"2012-11-07 00:00:00","1"
"0011","DATA CAPTURE CLERK",NULL,NULL,"2012-11-07 00:00:00","0",NULL,NULL,NULL,NULL,"2012-11-07 00:00:00","1"
"0012","MACHINE OPERATOR",NULL,NULL,"2012-11-07 00:00:00","0",NULL,NULL,NULL,NULL,"2012-11-07 00:00:00","1"
"0013","EXECUTIVE SECRETARY",NULL,NULL,"2012-11-07 00:00:00","0",NULL,NULL,NULL,NULL,"2012-11-07 00:00:00","1"
"0014","RECEPTIONIST",NULL,NULL,"2012-11-07 00:00:00","0",NULL,NULL,NULL,NULL,"2012-11-07 00:00:00","1"
"0015","GROUNDSMAN",NULL,NULL,"2012-11-07 00:00:00","0",NULL,NULL,NULL,NULL,"2012-11-07 00:00:00","1"
"0016","SNR/PRIN LEGAL OFFICER",NULL,NULL,"2012-11-07 00:00:00","0",NULL,NULL,NULL,NULL,"2012-11-07 00:00:00","1"
"004750","MICROSCOPIST",NULL,NULL,"2012-11-21 00:00:00","0",NULL,NULL,NULL,NULL,"2012-11-21 00:00:00","1"
"01","SECRETARY FOR HEALTH AND CHILD WELFARE",NULL,NULL,"2012-11-07 00:00:00","0",NULL,NULL,NULL,NULL,"2012-11-07 00:00:00","1"
"01110","MAXILLO FACIAL SURGEON",NULL,NULL,"2012-11-07 00:00:00","0",NULL,NULL,NULL,NULL,"2012-11-07 00:00:00","1"
"0112569","ELECTRICIAN",NULL,NULL,"2012-11-07 00:00:00","0",NULL,NULL,NULL,NULL,"2012-11-07 00:00:00","1"
"011519","ADMINISTRATIVE OFFICER",NULL,NULL,"2012-11-07 00:00:00","0",NULL,NULL,NULL,NULL,"2012-11-07 00:00:00","1"
"012296","NURSE AIDE",NULL,NULL,"2012-11-07 00:00:00","0",NULL,NULL,NULL,NULL,"2012-11-07 00:00:00","1"
"012385","PRINCIPAL TUTOR RADIOGRAPHY",NULL,NULL,"2012-11-07 00:00:00","0",NULL,NULL,NULL,NULL,"2012-11-07 00:00:00","1"
"01245","DIRECTOR TRAINING SERVICES",NULL,NULL,"2012-11-07 00:00:00","0",NULL,NULL,NULL,NULL,"2012-11-07 00:00:00","1"
"012569","CHIEF EXECUTIVE OFFICER",NULL,NULL,"2012-11-07 00:00:00","0",NULL,NULL,NULL,NULL,"2012-11-07 00:00:00","1"
"012589","ALLOCATIONS OFFICER",NULL,NULL,"2012-11-07 00:00:00","0",NULL,NULL,NULL,NULL,"2012-11-07 00:00:00","1"
"014258","REGISTRY CLASSIFIER / CLERK",NULL,NULL,"2012-11-07 00:00:00","0",NULL,NULL,NULL,NULL,"2012-11-07 00:00:00","1"
"014523","STATE CERTIFIED NURSE",NULL,NULL,"2012-11-07 00:00:00","0",NULL,NULL,NULL,NULL,"2012-11-07 00:00:00","1"
"014566","ASSISTANT HEALTH INFORMATION OFFICER",NULL,NULL,"2012-11-07 00:00:00","0",NULL,NULL,NULL,NULL,"2012-11-07 00:00:00","1"
"014567","BAKER",NULL,NULL,"2012-11-07 00:00:00","0",NULL,NULL,NULL,NULL,"2012-11-07 00:00:00","1"
"014586","HOSPITAL EQUIPMENT ENGINEER",NULL,NULL,"2012-11-07 00:00:00","0",NULL,NULL,NULL,NULL,"2012-11-07 00:00:00","1"
"014588","PHARMACY TECHNICIAN",NULL,NULL,"2012-11-07 00:00:00","0",NULL,NULL,NULL,NULL,"2012-11-07 00:00:00","1"
"014589","CHARGE HAND",NULL,NULL,"2012-11-07 00:00:00","0",NULL,NULL,NULL,NULL,"2012-11-07 00:00:00","1"
"0145896","STUDENT RADIOGRAPHER",NULL,NULL,"2012-11-07 00:00:00","0",NULL,NULL,NULL,NULL,"2012-11-07 00:00:00","1"
"014598","PLUMBER",NULL,NULL,"2012-11-07 00:00:00","0",NULL,NULL,NULL,NULL,"2012-11-07 00:00:00","1"
"014693","CHIEF HOSPITAL EQUIPMENT TECHNICIAN",NULL,NULL,"2012-11-07 00:00:00","0",NULL,NULL,NULL,NULL,"2012-11-07 00:00:00","1"
"014723","REGISTERED GENERAL NURSE /SENIOR",NULL,NULL,"2012-11-07 00:00:00","0",NULL,NULL,NULL,NULL,"2012-11-07 00:00:00","1"
"014725","TRAINEE ORTHO TECHNICIAN",NULL,NULL,"2012-11-07 00:00:00","0",NULL,NULL,NULL,NULL,"2012-11-07 00:00:00","1"
"0147366","HOSPITAL CLAIMS ASSESOR",NULL,NULL,"2012-11-07 00:00:00","0",NULL,NULL,NULL,NULL,"2012-11-07 00:00:00","1"
"014756","BUILDER / BRICKLAYER",NULL,NULL,"2012-11-07 00:00:00","0",NULL,NULL,NULL,NULL,"2012-11-07 00:00:00","1"
"014759","ASSISTANT BUYER",NULL,NULL,"2012-11-07 00:00:00","0",NULL,NULL,NULL,NULL,"2012-11-07 00:00:00","1"
"0147693","SWITCH BOARD SUPERVISOR",NULL,NULL,"2012-11-07 00:00:00","0",NULL,NULL,NULL,NULL,"2012-11-07 00:00:00","1"
"014784","GARDENER",NULL,NULL,"2012-11-07 00:00:00","0",NULL,NULL,NULL,NULL,"2012-11-07 00:00:00","1"
"014785","JUNIOR RESIDENT MEDICAL OFFICER",NULL,NULL,"2012-11-07 00:00:00","0",NULL,NULL,NULL,NULL,"2012-11-07 00:00:00","1"
"0147852","STORES CONTROLLER( PHARMACY)",NULL,NULL,"2012-11-07 00:00:00","0",NULL,NULL,NULL,NULL,"2012-11-07 00:00:00","1"
"0147889","WELDER",NULL,NULL,"2012-11-07 00:00:00","0",NULL,NULL,NULL,NULL,"2012-11-07 00:00:00","1"
"014789","SPECIALISTS / CONSULTANT",NULL,NULL,"2012-11-07 00:00:00","0",NULL,NULL,NULL,NULL,"2012-11-07 00:00:00","1"
"0147893","STATE CERTIFIED MEDICAL LABORATORY TRAINEE",NULL,NULL,"2012-11-07 00:00:00","0",NULL,NULL,NULL,NULL,"2012-11-07 00:00:00","1"
"014790","REGISTRARS SNR/JNR",NULL,NULL,"2012-11-07 00:00:00","0",NULL,NULL,NULL,NULL,"2012-11-07 00:00:00","1"
"0147963","CATERING ATTENDANT",NULL,NULL,"2012-11-07 00:00:00","0",NULL,NULL,NULL,NULL,"2012-11-07 00:00:00","1"
"014963","SECURITY OFFICER",NULL,NULL,"2012-11-07 00:00:00","0",NULL,NULL,NULL,NULL,"2012-11-07 00:00:00","1"
"017369","ACCOUNTS CLERK",NULL,NULL,"2012-11-07 00:00:00","0",NULL,NULL,NULL,NULL,"2012-11-07 00:00:00","1"
"018348","MEDICAL SUPERITENDENT II",NULL,NULL,"2012-11-07 00:00:00","0",NULL,NULL,NULL,NULL,"2012-11-07 00:00:00","1"
"019844","DIRECTOR OF CLINICAL SERVICES",NULL,NULL,"2012-11-07 00:00:00","0",NULL,NULL,NULL,NULL,"2012-11-07 00:00:00","1"
"02","PRINCIPAL DIRECTOR CURATIVE",NULL,NULL,"2012-11-07 00:00:00","0",NULL,NULL,NULL,NULL,"2012-11-07 00:00:00","1"
"020001","THEATRE HAND",NULL,NULL,"2012-11-07 00:00:00","0",NULL,NULL,NULL,NULL,"2012-11-07 00:00:00","1"
"020256","BOOT MAKER",NULL,NULL,"2012-11-07 00:00:00","0",NULL,NULL,NULL,NULL,"2012-11-07 00:00:00","1"
"023578","MEDICAL LABORATORY SCIENTIST/ SENIOR/ PRINCIPAL",NULL,NULL,"2012-11-07 00:00:00","0",NULL,NULL,NULL,NULL,"2012-11-07 00:00:00","1"
"025689","MATRON III",NULL,NULL,"2012-11-07 00:00:00","0",NULL,NULL,NULL,NULL,"2012-11-07 00:00:00","1"
"025895","SPECIALIST- HEAD OF DEPARTMENT",NULL,NULL,"2012-11-07 00:00:00","0",NULL,NULL,NULL,NULL,"2012-11-07 00:00:00","1"
"026971","MINISTER'S DRIVER",NULL,NULL,"2012-11-07 00:00:00","0",NULL,NULL,NULL,NULL,"2012-11-07 00:00:00","1"
"027024","GROUNDS MAN ASSISTANT",NULL,NULL,"2012-11-07 00:00:00","0",NULL,NULL,NULL,NULL,"2012-11-07 00:00:00","1"
"03","PRINCIPAL DIRECTOR PREVENTIVE",NULL,NULL,"2012-11-07 00:00:00","0",NULL,NULL,NULL,NULL,"2012-11-07 00:00:00","1"
"030022","ASSISTANT CHIEF RADIOGRAPHER",NULL,NULL,"2012-11-07 00:00:00","0",NULL,NULL,NULL,NULL,"2012-11-07 00:00:00","1"
"030023","TAILOR ASST",NULL,NULL,"2012-11-07 00:00:00","0",NULL,NULL,NULL,NULL,"2012-11-07 00:00:00","1"
"030024","ASSISTANT CLINICAL PSYCHOLOGIST",NULL,NULL,"2012-11-07 00:00:00","0",NULL,NULL,NULL,NULL,"2012-11-07 00:00:00","1"
"030027","ASSISTANT LAUNDRY SUPERINTENDTENT",NULL,NULL,"2012-11-07 00:00:00","0",NULL,NULL,NULL,NULL,"2012-11-07 00:00:00","1"
"030028","SENIOR LAUNDRY HAND",NULL,NULL,"2012-11-07 00:00:00","0",NULL,NULL,NULL,NULL,"2012-11-07 00:00:00","1"
"035566","SENIOR AMBULANCE DRIVER",NULL,NULL,"2012-11-07 00:00:00","0",NULL,NULL,NULL,NULL,"2012-11-07 00:00:00","1"
"035567","AMBULANCE DRIVER/ SENIOR",NULL,NULL,"2012-11-07 00:00:00","0",NULL,NULL,NULL,NULL,"2012-11-07 00:00:00","1"
"035631","SCN",NULL,NULL,"2012-11-07 00:00:00","0",NULL,NULL,NULL,NULL,"2012-11-07 00:00:00","1"
"035704","MEDICAL LABORATORY ASSISTANT",NULL,NULL,"2012-11-07 00:00:00","0",NULL,NULL,NULL,NULL,"2012-11-07 00:00:00","1"
"036691","ARTISAN",NULL,NULL,"2012-11-07 00:00:00","0",NULL,NULL,NULL,NULL,"2012-11-07 00:00:00","1"
"036857","SENIOR INSTRUCTOR RADIOGRAPHER",NULL,NULL,"2012-11-07 00:00:00","0",NULL,NULL,NULL,NULL,"2012-11-07 00:00:00","1"
"036958","PARALEGAL CLERK",NULL,NULL,"2012-11-07 00:00:00","0",NULL,NULL,NULL,NULL,"2012-11-07 00:00:00","1"
"037513","TYPIST/STENOGRAPHER",NULL,NULL,"2012-11-07 00:00:00","0",NULL,NULL,NULL,NULL,"2012-11-07 00:00:00","1"
"039643","REGISTRY CLERK/CLASSIFIER",NULL,NULL,"2012-11-07 00:00:00","0",NULL,NULL,NULL,NULL,"2012-11-07 00:00:00","1"
"039644","RECORDS AND INFOR ASSISTANT",NULL,NULL,"2012-11-07 00:00:00","0",NULL,NULL,NULL,NULL,"2012-11-07 00:00:00","1"
"039645","REGISTRY SUPERVISOR",NULL,NULL,"2012-11-07 00:00:00","0",NULL,NULL,NULL,NULL,"2012-11-07 00:00:00","1"
"039647","RECORDS AND INFORMATION SUPERVISOR (DIPLOMA)",NULL,NULL,"2012-11-07 00:00:00","0",NULL,NULL,NULL,NULL,"2012-11-07 00:00:00","1"
"039651","RECORDS AND INFOR ASSISTANT - DIPLOMA",NULL,NULL,"2012-11-07 00:00:00","0",NULL,NULL,NULL,NULL,"2012-11-07 00:00:00","1"
"039714","SENIOR EXECUTIVE ASSISTANT (TYPING SUPERVISOR DIPLOMA)",NULL,NULL,"2012-11-07 00:00:00","0",NULL,NULL,NULL,NULL,"2012-11-07 00:00:00","1"
"039722","PRIVATE SECRETARY 1",NULL,NULL,"2012-11-07 00:00:00","0",NULL,NULL,NULL,NULL,"2012-11-07 00:00:00","1"
"039725","SENIOR EXECUTIVE  ASSISTANT (PRIVATE SECRETARY 1 HND)",NULL,NULL,"2012-11-07 00:00:00","0",NULL,NULL,NULL,NULL,"2012-11-07 00:00:00","1"
"039727","CLERK",NULL,NULL,"2012-11-07 00:00:00","0",NULL,NULL,NULL,NULL,"2012-11-07 00:00:00","1"
"039729","HUMAN RESOURCES ASSISTANT",NULL,NULL,"2012-11-07 00:00:00","0",NULL,NULL,NULL,NULL,"2012-11-07 00:00:00","1"
"04","PRINCIPAL DIRECTOR PLANNING AND EVALUATION",NULL,NULL,"2012-11-07 00:00:00","0",NULL,NULL,NULL,NULL,"2012-11-07 00:00:00","1"
"041099","EXECUTIVE OFFICER",NULL,NULL,"2012-11-07 00:00:00","0",NULL,NULL,NULL,NULL,"2012-11-07 00:00:00","1"
"041102","ADMINISTRATION OFFICER ",NULL,NULL,"2012-11-07 00:00:00","0",NULL,NULL,NULL,NULL,"2012-11-07 00:00:00","1"
"041511","HUMAN RESOURCES OFFICER",NULL,NULL,"2012-11-07 00:00:00","0",NULL,NULL,NULL,NULL,"2012-11-07 00:00:00","1"
"041517","ADMINISTRATION  ASSISTANT",NULL,NULL,"2012-11-07 00:00:00","0",NULL,NULL,NULL,NULL,"2012-11-07 00:00:00","1"
"042024","AUDIT ASSISTANT",NULL,NULL,"2012-11-07 00:00:00","0",NULL,NULL,NULL,NULL,"2012-11-07 00:00:00","1"
"042284","ACCOUNTING ASSISTANT",NULL,NULL,"2012-11-07 00:00:00","0",NULL,NULL,NULL,NULL,"2012-11-07 00:00:00","1"
"044444","NUTRITIONIST",NULL,NULL,"2012-11-07 00:00:00","0",NULL,NULL,NULL,NULL,"2012-11-07 00:00:00","1"
"044558","SENIOR CRECHE SUPERVISOR",NULL,NULL,"2012-11-07 00:00:00","0",NULL,NULL,NULL,NULL,"2012-11-07 00:00:00","1"
"045123","CHIEF GOVERNMENT PATHOLOGIST",NULL,NULL,"2012-11-07 00:00:00","0",NULL,NULL,NULL,NULL,"2012-11-07 00:00:00","1"
"045189","PHYSICIST /SENIOR/PRINCIPAL",NULL,NULL,"2012-11-07 00:00:00","0",NULL,NULL,NULL,NULL,"2012-11-07 00:00:00","1"
"045789","CHIEF MEDICAL LABORATORY SCIENTIST",NULL,NULL,"2012-11-07 00:00:00","0",NULL,NULL,NULL,NULL,"2012-11-07 00:00:00","1"
"045896","PMTCT MANAGER",NULL,NULL,"2012-11-07 00:00:00","0",NULL,NULL,NULL,NULL,"2012-11-07 00:00:00","1"
"045940","ASSISTANT LIBRARIAN",NULL,NULL,"2012-11-07 00:00:00","0",NULL,NULL,NULL,NULL,"2012-11-07 00:00:00","1"
"045941","LIBRARIAN (DIPLOMA)",NULL,NULL,"2012-11-07 00:00:00","0",NULL,NULL,NULL,NULL,"2012-11-07 00:00:00","1"
"046982","INTERNAL AUDITOR",NULL,NULL,"2012-11-07 00:00:00","0",NULL,NULL,NULL,NULL,"2012-11-07 00:00:00","1"
"046983","CHIEF INTERNAL AUDIT",NULL,NULL,"2012-11-07 00:00:00","0",NULL,NULL,NULL,NULL,"2012-11-07 00:00:00","1"
"047567","CHIEF RADIOGRAPHER",NULL,NULL,"2012-11-07 00:00:00","0",NULL,NULL,NULL,NULL,"2012-11-07 00:00:00","1"
"047852","CHIEF PHYSICIST",NULL,NULL,"2012-11-07 00:00:00","0",NULL,NULL,NULL,NULL,"2012-11-07 00:00:00","1"
"047871","SNR CLINICAL PSYCHOLOGIST",NULL,NULL,"2012-11-07 00:00:00","0",NULL,NULL,NULL,NULL,"2012-11-07 00:00:00","1"
"047875","CLINICAL PSYCHOLOGIST/ SENIOR",NULL,NULL,"2012-11-07 00:00:00","0",NULL,NULL,NULL,NULL,"2012-11-07 00:00:00","1"
"047937","DIRECTOR OF FINANCE",NULL,NULL,"2012-11-07 00:00:00","0",NULL,NULL,NULL,NULL,"2012-11-07 00:00:00","1"
"047938","DEPUTY DIRECTOR BLAIR RESEARCH",NULL,NULL,"2012-11-07 00:00:00","0",NULL,NULL,NULL,NULL,"2012-11-07 00:00:00","1"
"047998","DISTRICT MEDICAL OFFICER",NULL,NULL,"2012-11-07 00:00:00","0",NULL,NULL,NULL,NULL,"2012-11-07 00:00:00","1"
"048000","GOVERNMENT MEDICAL OFFICER",NULL,NULL,"2012-11-07 00:00:00","0",NULL,NULL,NULL,NULL,"2012-11-07 00:00:00","1"
"048028","GOVERNMENT ANALYST",NULL,NULL,"2012-11-07 00:00:00","0",NULL,NULL,NULL,NULL,"2012-11-07 00:00:00","1"
"048032","DEPUTY GOVERNMENT ANALYST",NULL,NULL,"2012-11-07 00:00:00","0",NULL,NULL,NULL,NULL,"2012-11-07 00:00:00","1"
"048060","DEPUTY DIRECTOR DISEASE PREVENTION CONTROL",NULL,NULL,"2012-11-07 00:00:00","0",NULL,NULL,NULL,NULL,"2012-11-07 00:00:00","1"
"048062","GOVERNMENT DENTAL OFFICER",NULL,NULL,"2012-11-07 00:00:00","0",NULL,NULL,NULL,NULL,"2012-11-07 00:00:00","1"
"048070","SENIOR GOVERNMENT DENTAL OFFICER",NULL,NULL,"2012-11-07 00:00:00","0",NULL,NULL,NULL,NULL,"2012-11-07 00:00:00","1"
"048074","DIRECTOR ORAL HEALTH SERVICES",NULL,NULL,"2012-11-07 00:00:00","0",NULL,NULL,NULL,NULL,"2012-11-07 00:00:00","1"
"048131","MEDICAL SPECIALIST",NULL,NULL,"2012-11-07 00:00:00","0",NULL,NULL,NULL,NULL,"2012-11-07 00:00:00","1"
"048132","MEDICAL SUP II-MEDICAL SPECIALIST PERSONAL",NULL,NULL,"2012-11-07 00:00:00","0",NULL,NULL,NULL,NULL,"2012-11-07 00:00:00","1"
"048152","HARDWARE MAINTENANCE MANAGER",NULL,NULL,"2012-11-07 00:00:00","0",NULL,NULL,NULL,NULL,"2012-11-07 00:00:00","1"
"048156","HOSPITAL MEDICAL OFFICER",NULL,NULL,"2012-11-07 00:00:00","0",NULL,NULL,NULL,NULL,"2012-11-07 00:00:00","1"
"048157","SENIOR HOUSE OFFICER",NULL,NULL,"2012-11-07 00:00:00","0",NULL,NULL,NULL,NULL,"2012-11-07 00:00:00","1"
"048284","MEDICAL OFFICER OF HEALTH",NULL,NULL,"2012-11-07 00:00:00","0",NULL,NULL,NULL,NULL,"2012-11-07 00:00:00","1"
"048287","DIRECTOR TECHNICAL SUPPORT",NULL,NULL,"2012-11-07 00:00:00","0",NULL,NULL,NULL,NULL,"2012-11-07 00:00:00","1"
"048288","PROVINCIAL MEDICAL DIRECTOR",NULL,NULL,"2012-11-07 00:00:00","0",NULL,NULL,NULL,NULL,"2012-11-07 00:00:00","1"
"048301","MEDICAL PYSCHIATRIC SOCIAL WORKER",NULL,NULL,"2012-11-07 00:00:00","0",NULL,NULL,NULL,NULL,"2012-11-07 00:00:00","1"
"048318","MEDICAL RESEARCH OFFICER",NULL,NULL,"2012-11-07 00:00:00","0",NULL,NULL,NULL,NULL,"2012-11-07 00:00:00","1"
"048352","MEDICAL SUPERINTENDENT",NULL,NULL,"2012-11-07 00:00:00","0",NULL,NULL,NULL,NULL,"2012-11-07 00:00:00","1"
"048393","PHARMACIST",NULL,NULL,"2012-11-07 00:00:00","0",NULL,NULL,NULL,NULL,"2012-11-07 00:00:00","1"
"048398","CHIEF PHARMACIST",NULL,NULL,"2012-11-07 00:00:00","0",NULL,NULL,NULL,NULL,"2012-11-07 00:00:00","1"
"048440","PHYSICIST/ CHIEF",NULL,NULL,"2012-11-07 00:00:00","0",NULL,NULL,NULL,NULL,"2012-11-07 00:00:00","1"
"048482","JUNIOR REGISTRAR",NULL,NULL,"2012-11-07 00:00:00","0",NULL,NULL,NULL,NULL,"2012-11-07 00:00:00","1"
"048490","SENIOR REGISTRAR",NULL,NULL,"2012-11-07 00:00:00","0",NULL,NULL,NULL,NULL,"2012-11-07 00:00:00","1"
"05","CHIEF ENGINEER",NULL,NULL,"2012-11-07 00:00:00","0",NULL,NULL,NULL,NULL,"2012-11-07 00:00:00","1"
"050258","ANALYTICAL CHEMIST",NULL,NULL,"2012-11-07 00:00:00","0",NULL,NULL,NULL,NULL,"2012-11-07 00:00:00","1"
"055687","ASSISTANT ARTISANS",NULL,NULL,"2012-11-07 00:00:00","0",NULL,NULL,NULL,NULL,"2012-11-07 00:00:00","1"
"056610","ARTIST ",NULL,NULL,"2012-11-07 00:00:00","0",NULL,NULL,NULL,NULL,"2012-11-07 00:00:00","1"
"056650","DENTAL TECHNICIAN",NULL,NULL,"2012-11-07 00:00:00","0",NULL,NULL,NULL,NULL,"2012-11-07 00:00:00","1"
"056660","DENTAL TECHNICIAN TRAINEE",NULL,NULL,"2012-11-07 00:00:00","0",NULL,NULL,NULL,NULL,"2012-11-07 00:00:00","1"
"056666","DENTAL THERAPIST",NULL,NULL,"2012-11-07 00:00:00","0",NULL,NULL,NULL,NULL,"2012-11-07 00:00:00","1"
"056670","DENTAL THERAPIST TRAINEE",NULL,NULL,"2012-11-07 00:00:00","0",NULL,NULL,NULL,NULL,"2012-11-07 00:00:00","1"
"056680","DOMESTIC SERVICES MANAGER",NULL,NULL,"2012-11-07 00:00:00","0",NULL,NULL,NULL,NULL,"2012-11-07 00:00:00","1"
"056697","PC TECHNICIAN",NULL,NULL,"2012-11-07 00:00:00","0",NULL,NULL,NULL,NULL,"2012-11-07 00:00:00","1"
"056698","TECHNICIAN",NULL,NULL,"2012-11-07 00:00:00","0",NULL,NULL,NULL,NULL,"2012-11-07 00:00:00","1"
"056744","FIELD OFFICE SENIOR",NULL,NULL,"2012-11-07 00:00:00","0",NULL,NULL,NULL,NULL,"2012-11-07 00:00:00","1"
"056826","MEDICAL RECORDS OFFICER",NULL,NULL,"2012-11-07 00:00:00","0",NULL,NULL,NULL,NULL,"2012-11-07 00:00:00","1"
"056830","MEDICAL RESEARCH OFFICER ASSISTANT",NULL,NULL,"2012-11-07 00:00:00","0",NULL,NULL,NULL,NULL,"2012-11-07 00:00:00","1"
"056880","MEDICAL RECORDS OFFICER ASSISTANT",NULL,NULL,"2012-11-07 00:00:00","0",NULL,NULL,NULL,NULL,"2012-11-07 00:00:00","1"
"056883","CHIEF ORTHOPAEDIC TECHNOLOGIST",NULL,NULL,"2012-11-07 00:00:00","0",NULL,NULL,NULL,NULL,"2012-11-07 00:00:00","1"
"056896","ORTHOPAEDIC TECHNOLOGIST- (DIPLOMA)",NULL,NULL,"2012-11-07 00:00:00","0",NULL,NULL,NULL,NULL,"2012-11-07 00:00:00","1"
"058741","SHOPFITTER",NULL,NULL,"2012-11-07 00:00:00","0",NULL,NULL,NULL,NULL,"2012-11-07 00:00:00","1"
"0589417","DIRECTOR OF OPERATIONS",NULL,NULL,"2012-11-07 00:00:00","0",NULL,NULL,NULL,NULL,"2012-11-07 00:00:00","1"
"06","DIRECTOR ENVIRONMENTAL HEALTH",NULL,NULL,"2012-11-07 00:00:00","0",NULL,NULL,NULL,NULL,"2012-11-07 00:00:00","1"
"060206","STORES OFFICER 2",NULL,NULL,"2012-11-07 00:00:00","0",NULL,NULL,NULL,NULL,"2012-11-07 00:00:00","1"
"063789","CARETAKER / GROUNDSMAN",NULL,NULL,"2012-11-07 00:00:00","0",NULL,NULL,NULL,NULL,"2012-11-07 00:00:00","1"
"064589","MAINTENANCE OFFICER",NULL,NULL,"2012-11-07 00:00:00","0",NULL,NULL,NULL,NULL,"2012-11-07 00:00:00","1"
"064743","FARM MANAGER II",NULL,NULL,"2012-11-07 00:00:00","0",NULL,NULL,NULL,NULL,"2012-11-07 00:00:00","1"
"066583","TECHNICAL ASSISTANT (LABORATORY)",NULL,NULL,"2012-11-07 00:00:00","0",NULL,NULL,NULL,NULL,"2012-11-07 00:00:00","1"
"067456","TRAINEE RADIOGRAPHER",NULL,NULL,"2012-11-07 00:00:00","0",NULL,NULL,NULL,NULL,"2012-11-07 00:00:00","1"
"067460","RADIOGRAPHER",NULL,NULL,"2012-11-07 00:00:00","0",NULL,NULL,NULL,NULL,"2012-11-07 00:00:00","1"
"067875","ENVIRONMENTAL HEALTH OFFICER",NULL,NULL,"2012-11-07 00:00:00","0",NULL,NULL,NULL,NULL,"2012-11-07 00:00:00","1"
"067912","ENVIRONMENTAL HEALTH OFFICER TRAINEE",NULL,NULL,"2012-11-07 00:00:00","0",NULL,NULL,NULL,NULL,"2012-11-07 00:00:00","1"
"067992","CHIEF HOSPITAL TECHNOLOGIST-HIGHER",NULL,NULL,"2012-11-07 00:00:00","0",NULL,NULL,NULL,NULL,"2012-11-07 00:00:00","1"
"067994","HOSPITAL EQUIPMENT TECHINICIAN /SENIOR/HIGHER",NULL,NULL,"2012-11-07 00:00:00","0",NULL,NULL,NULL,NULL,"2012-11-07 00:00:00","1"
"068070","MEDICAL LABORATORY TECHNOLOGIST/SENIOR/PRINCIPAL",NULL,NULL,"2012-11-07 00:00:00","0",NULL,NULL,NULL,NULL,"2012-11-07 00:00:00","1"
"068080","MEDICAL LABORATORY TECHNOLOGIST ( GRADUATE)",NULL,NULL,"2012-11-07 00:00:00","0",NULL,NULL,NULL,NULL,"2012-11-07 00:00:00","1"
"068092","CHIEF MEDICAL LABORATORY TECHNOLOGIST",NULL,NULL,"2012-11-07 00:00:00","0",NULL,NULL,NULL,NULL,"2012-11-07 00:00:00","1"
"068115","TRAINEE MED/ VET LAB. TECHNOLOGIST(NON GRADUTE)",NULL,NULL,"2012-11-07 00:00:00","0",NULL,NULL,NULL,NULL,"2012-11-07 00:00:00","1"
"068195","SCIENTIFIC LABORATORY TECHNICIAN",NULL,NULL,"2012-11-07 00:00:00","0",NULL,NULL,NULL,NULL,"2012-11-07 00:00:00","1"
"068202","CHIEF SCIENTIFIC MEDICAL LABORATORY TECHNCIAN",NULL,NULL,"2012-11-07 00:00:00","0",NULL,NULL,NULL,NULL,"2012-11-07 00:00:00","1"
"068208","MEDICAL LABORATORY SCIENTIST/ TECHNICIAN",NULL,NULL,"2012-11-07 00:00:00","0",NULL,NULL,NULL,NULL,"2012-11-07 00:00:00","1"
"068212","SCIENTIFIC LABORATORY TECHNICIAN TRAINEE",NULL,NULL,"2012-11-07 00:00:00","0",NULL,NULL,NULL,NULL,"2012-11-07 00:00:00","1"
"069780","PHARMACEUTICAL TECHNICIAN",NULL,NULL,"2012-11-07 00:00:00","0",NULL,NULL,NULL,NULL,"2012-11-07 00:00:00","1"
"069788","PHARMACEUTICAL TECHNICIAN TRAINEE",NULL,NULL,"2012-11-07 00:00:00","0",NULL,NULL,NULL,NULL,"2012-11-07 00:00:00","1"
"069852","PAINTER",NULL,NULL,"2012-11-07 00:00:00","0",NULL,NULL,NULL,NULL,"2012-11-07 00:00:00","1"
"07","DIRECTOR EPIDEMIOLOGY AND DISEASE CONTROL",NULL,NULL,"2012-11-07 00:00:00","0",NULL,NULL,NULL,NULL,"2012-11-07 00:00:00","1"
"073410","MEDICAL SECRETARY",NULL,NULL,"2012-11-07 00:00:00","0",NULL,NULL,NULL,NULL,"2012-11-07 00:00:00","1"
"073515","PHYSIOTHERAPIST",NULL,NULL,"2012-11-07 00:00:00","0",NULL,NULL,NULL,NULL,"2012-11-07 00:00:00","1"
"073658","SENIOR CLINICAL NURSING OFFICER",NULL,NULL,"2012-11-07 00:00:00","0",NULL,NULL,NULL,NULL,"2012-11-07 00:00:00","1"
"073726","CHIEF DIETICIAN (DIRECTOR OF NUTRITION0",NULL,NULL,"2012-11-07 00:00:00","0",NULL,NULL,NULL,NULL,"2012-11-07 00:00:00","1"
"073736","MEDICAL HEALTH SERVICES COORDINATOR",NULL,NULL,"2012-11-07 00:00:00","0",NULL,NULL,NULL,NULL,"2012-11-07 00:00:00","1"
"073747","REPRODUCTIVE HEALTH COORDINATOR",NULL,NULL,"2012-11-07 00:00:00","0",NULL,NULL,NULL,NULL,"2012-11-07 00:00:00","1"
"073753","MANAGER ( EPI)",NULL,NULL,"2012-11-07 00:00:00","0",NULL,NULL,NULL,NULL,"2012-11-07 00:00:00","1"
"073757","STI/AIDS PREVENTION OFFICER",NULL,NULL,"2012-11-07 00:00:00","0",NULL,NULL,NULL,NULL,"2012-11-07 00:00:00","1"
"073763","NON COMMUNICABLE DISEASE CONTROL OFFICER",NULL,NULL,"2012-11-07 00:00:00","0",NULL,NULL,NULL,NULL,"2012-11-07 00:00:00","1"
"073764","NUTRITION INTERVENTION OFFICER",NULL,NULL,"2012-11-07 00:00:00","0",NULL,NULL,NULL,NULL,"2012-11-07 00:00:00","1"
"073770","RAPID DISEASE EPI SURVELLIANCE MANAGER",NULL,NULL,"2012-11-07 00:00:00","0",NULL,NULL,NULL,NULL,"2012-11-07 00:00:00","1"
"073786","HEALTH INFORMATION ASSISTANT",NULL,NULL,"2012-11-07 00:00:00","0",NULL,NULL,NULL,NULL,"2012-11-07 00:00:00","1"
"073792","INTERGRATED MANAGEMENT OF CHILD ILLNESS OFFICER",NULL,NULL,"2012-11-07 00:00:00","0",NULL,NULL,NULL,NULL,"2012-11-07 00:00:00","1"
"073801","EEG/ECG TECHNICIAN",NULL,NULL,"2012-11-07 00:00:00","0",NULL,NULL,NULL,NULL,"2012-11-07 00:00:00","1"
"073821","EEG/ECG TECHNICIAN TRAINEE",NULL,NULL,"2012-11-07 00:00:00","0",NULL,NULL,NULL,NULL,"2012-11-07 00:00:00","1"
"073864","PRINCIPAL ENVIRONMENTAL HEALTH TECHINICIAN",NULL,NULL,"2012-11-07 00:00:00","0",NULL,NULL,NULL,NULL,"2012-11-07 00:00:00","1"
"073906","HEALTH INFORMATION OFFICER",NULL,NULL,"2012-11-07 00:00:00","0",NULL,NULL,NULL,NULL,"2012-11-07 00:00:00","1"
"073908","HEALTH PROMOTION OFFICER",NULL,NULL,"2012-11-07 00:00:00","0",NULL,NULL,NULL,NULL,"2012-11-07 00:00:00","1"
"073930","PUBLIC RELATIONS OFFICER",NULL,NULL,"2012-11-07 00:00:00","0",NULL,NULL,NULL,NULL,"2012-11-07 00:00:00","1"
"073973","MATRON 111 ( THEATRE/ANAESTHETICS)",NULL,NULL,"2012-11-07 00:00:00","0",NULL,NULL,NULL,NULL,"2012-11-07 00:00:00","1"
"074018","REHAB TECHNICIAN/ SENIOR",NULL,NULL,"2012-11-07 00:00:00","0",NULL,NULL,NULL,NULL,"2012-11-07 00:00:00","1"
"074025","PRINCIPAL STATE CERTIFIED NURSE",NULL,NULL,"2012-11-07 00:00:00","0",NULL,NULL,NULL,NULL,"2012-11-07 00:00:00","1"
"074122","PRIMARY HEALTH CARE  NURSE",NULL,NULL,"2012-11-07 00:00:00","0",NULL,NULL,NULL,NULL,"2012-11-07 00:00:00","1"
"074125","STUDENT NURSE",NULL,NULL,"2012-11-07 00:00:00","0",NULL,NULL,NULL,NULL,"2012-11-07 00:00:00","1"
"074127","TRAINEE PRIMARY CARE NURSE",NULL,NULL,"2012-11-07 00:00:00","0",NULL,NULL,NULL,NULL,"2012-11-07 00:00:00","1"
"074162","CHIEF BUYER",NULL,NULL,"2012-11-07 00:00:00","0",NULL,NULL,NULL,NULL,"2012-11-07 00:00:00","1"
"074376","PRINCIPAL NURSING OFFICER",NULL,NULL,"2012-11-07 00:00:00","0",NULL,NULL,NULL,NULL,"2012-11-07 00:00:00","1"
"074410","PRINCIPAL TUTOR",NULL,NULL,"2012-11-07 00:00:00","0",NULL,NULL,NULL,NULL,"2012-11-07 00:00:00","1"
"074416","NURSING TUTOR/SENIOR/PRINCIPAL",NULL,NULL,"2012-11-07 00:00:00","0",NULL,NULL,NULL,NULL,"2012-11-07 00:00:00","1"
"074440","ASSISTANT NUTRITIONIST",NULL,NULL,"2012-11-07 00:00:00","0",NULL,NULL,NULL,NULL,"2012-11-07 00:00:00","1"
"074452","SPEECH / OCCUPATIONAL THERAPIST",NULL,NULL,"2012-11-07 00:00:00","0",NULL,NULL,NULL,NULL,"2012-11-07 00:00:00","1"
"074488","PRINCIPAL PHYSIOTHERAPIST",NULL,NULL,"2012-11-07 00:00:00","0",NULL,NULL,NULL,NULL,"2012-11-07 00:00:00","1"
"074577","CHIEF THERAPIST",NULL,NULL,"2012-11-07 00:00:00","0",NULL,NULL,NULL,NULL,"2012-11-07 00:00:00","1"
"074589","SENIOR WARD DOMESTIC SERVICES SUPERVISOR",NULL,NULL,"2012-11-07 00:00:00","0",NULL,NULL,NULL,NULL,"2012-11-07 00:00:00","1"
"074605","SISTER GENERAL/ SENIOR",NULL,NULL,"2012-11-07 00:00:00","0",NULL,NULL,NULL,NULL,"2012-11-07 00:00:00","1"
"074606","SENIOR SISTER",NULL,NULL,"2012-11-07 00:00:00","0",NULL,NULL,NULL,NULL,"2012-11-07 00:00:00","1"
"074613","SISTER GENERAL GRADUATE / THEATRE ANAESTHETICS",NULL,NULL,"2012-11-07 00:00:00","0",NULL,NULL,NULL,NULL,"2012-11-07 00:00:00","1"
"074635","SISTER IN CHARGE",NULL,NULL,"2012-11-07 00:00:00","0",NULL,NULL,NULL,NULL,"2012-11-07 00:00:00","1"
"074636","SISTER IN CHARGE THEATRE ANAESTHETICS",NULL,NULL,"2012-11-07 00:00:00","0",NULL,NULL,NULL,NULL,"2012-11-07 00:00:00","1"
"074637","CLINICAL INSTRUCTOR",NULL,NULL,"2012-11-07 00:00:00","0",NULL,NULL,NULL,NULL,"2012-11-07 00:00:00","1"
"074896","HOSPITAL FOOD SERVICES SUPERVISOR",NULL,NULL,"2012-11-07 00:00:00","0",NULL,NULL,NULL,NULL,"2012-11-07 00:00:00","1"
"077560","PATHOLOGIST",NULL,NULL,"2012-11-07 00:00:00","0",NULL,NULL,NULL,NULL,"2012-11-07 00:00:00","1"
"08","DIRECTOR FAMILY HEALTH",NULL,NULL,"2012-11-07 00:00:00","0",NULL,NULL,NULL,NULL,"2012-11-07 00:00:00","1"
"088745","SENIOR RESIDENT MEDICAL OFFICER",NULL,NULL,"2012-11-07 00:00:00","0",NULL,NULL,NULL,NULL,"2012-11-07 00:00:00","1"
"09","DIRECTOR FINANCE AND ADMINSTRATION",NULL,NULL,"2012-11-07 00:00:00","0",NULL,NULL,NULL,NULL,"2012-11-07 00:00:00","1"
"0987410","QUALITY ASSURANCE  OFFICER",NULL,NULL,"2012-11-07 00:00:00","0",NULL,NULL,NULL,NULL,"2012-11-07 00:00:00","1"
"10","DIRECTOR HIV, AIDS, STI AND TB",NULL,NULL,"2012-11-07 00:00:00","0",NULL,NULL,NULL,NULL,"2012-11-07 00:00:00","1"
"100","RADIATION PROTECTION OFFICER/SENIOR",NULL,NULL,"2012-11-07 00:00:00","0",NULL,NULL,NULL,NULL,"2012-11-07 00:00:00","1"
"100000","ENVIRONMENTAL HEALTH TECHNICIAN",NULL,NULL,"2012-11-07 00:00:00","0",NULL,NULL,NULL,NULL,"2012-11-07 00:00:00","1"
"10012","DENTAL TECHNICIAN TUTOR",NULL,NULL,"2012-11-07 00:00:00","0",NULL,NULL,NULL,NULL,"2012-11-07 00:00:00","1"
"100536","RECORDS  AND INFORMATION SUPERVISOR",NULL,NULL,"2012-11-07 00:00:00","0",NULL,NULL,NULL,NULL,"2012-11-07 00:00:00","1"
"102589","ORTHOPAEDIC TECHNOLOGIST ASSISTANT CHIEF",NULL,NULL,"2012-11-07 00:00:00","0",NULL,NULL,NULL,NULL,"2012-11-07 00:00:00","1"
"11","DIRECTOR HUMAN RESOURCES",NULL,NULL,"2012-11-07 00:00:00","0",NULL,NULL,NULL,NULL,"2012-11-07 00:00:00","1"
"110200","HEAD / CHEF",NULL,NULL,"2012-11-07 00:00:00","0",NULL,NULL,NULL,NULL,"2012-11-07 00:00:00","1"
"110650","LINEN SUPERVISOR",NULL,NULL,"2012-11-07 00:00:00","0",NULL,NULL,NULL,NULL,"2012-11-07 00:00:00","1"
"1111","OCCUPATIONAL THERAPY TRAINER",NULL,NULL,"2012-11-07 00:00:00","0",NULL,NULL,NULL,NULL,"2012-11-07 00:00:00","1"
"111101","STORES ASSISTANT 1",NULL,NULL,"2012-11-07 00:00:00","0",NULL,NULL,NULL,NULL,"2012-11-07 00:00:00","1"
"1111111","MEDICAL OFFICER OF HEALTH (EPID-DISEASE CONTROL)",NULL,NULL,"2012-11-07 00:00:00","0",NULL,NULL,NULL,NULL,"2012-11-07 00:00:00","1"
"1111113","PROVINCIAL HIV /AIDS/STI/TB OFFICER",NULL,NULL,"2012-11-07 00:00:00","0",NULL,NULL,NULL,NULL,"2012-11-07 00:00:00","1"
"1111114","PROVINCIAL MALARIA /EPIDEMIC DISEASES CONTROL OFFICER",NULL,NULL,"2012-11-07 00:00:00","0",NULL,NULL,NULL,NULL,"2012-11-07 00:00:00","1"
"111112","MEDICAL OFFICER OF HEALTH (MATERNAL & CHILD HEALTH)",NULL,NULL,"2012-11-07 00:00:00","0",NULL,NULL,NULL,NULL,"2012-11-07 00:00:00","1"
"111115","PROVINCIAL HEALTH INFORMATION OFFICER",NULL,NULL,"2012-11-07 00:00:00","0",NULL,NULL,NULL,NULL,"2012-11-07 00:00:00","1"
"111116","PROVINCIAL PHARMACIST",NULL,NULL,"2012-11-07 00:00:00","0",NULL,NULL,NULL,NULL,"2012-11-07 00:00:00","1"
"111117","PROVINCIAL HEALTH INFORMATION ASSISTANT",NULL,NULL,"2012-11-07 00:00:00","0",NULL,NULL,NULL,NULL,"2012-11-07 00:00:00","1"
"111118","PROVINCIAL NUTRITIONIST",NULL,NULL,"2012-11-07 00:00:00","0",NULL,NULL,NULL,NULL,"2012-11-07 00:00:00","1"
"111119","PROVINCIAL ENVIRONMENTAL HEALTH OFFICER",NULL,NULL,"2012-11-07 00:00:00","0",NULL,NULL,NULL,NULL,"2012-11-07 00:00:00","1"
"111120","PROVINCIAL NURSING OFFICER",NULL,NULL,"2012-11-07 00:00:00","0",NULL,NULL,NULL,NULL,"2012-11-07 00:00:00","1"
"111122","PRINCIPAL ENVIRONMENTAL HEALTH OFFICER (DIPLOMA)",NULL,NULL,"2012-11-07 00:00:00","0",NULL,NULL,NULL,NULL,"2012-11-07 00:00:00","1"
"111123","PROVINCIAL PRIMARY CARE OFFICER",NULL,NULL,"2012-11-07 00:00:00","0",NULL,NULL,NULL,NULL,"2012-11-07 00:00:00","1"
"111124","PROVINCIAL CHILD CARE OFFICER",NULL,NULL,"2012-11-07 00:00:00","0",NULL,NULL,NULL,NULL,"2012-11-07 00:00:00","1"
"111125","PROVINCILA CHILD WELFARE OFFICER",NULL,NULL,"2012-11-07 00:00:00","0",NULL,NULL,NULL,NULL,"2012-11-07 00:00:00","1"
"111126","PROVINCIAL HEALTH SERVICES ADMINISTRATOR",NULL,NULL,"2012-11-07 00:00:00","0",NULL,NULL,NULL,NULL,"2012-11-07 00:00:00","1"
"111127","TRAINEE ENVIRONMENTAL HEALTH OFFICER",NULL,NULL,"2012-11-07 00:00:00","0",NULL,NULL,NULL,NULL,"2012-11-07 00:00:00","1"
"111129","PROVINCIAL TB COORDINATOR",NULL,NULL,"2012-11-07 00:00:00","0",NULL,NULL,NULL,NULL,"2012-11-07 00:00:00","1"
"11117","HOSPITAL EQUIPMENT TECHNICIAN ASSISTANT CHIEF",NULL,NULL,"2012-11-07 00:00:00","0",NULL,NULL,NULL,NULL,"2012-11-07 00:00:00","1"
"1114","DUPLICATION OPERATOR/SENIOER",NULL,NULL,"2012-11-07 00:00:00","0",NULL,NULL,NULL,NULL,"2012-11-07 00:00:00","1"
"111550","CRECHE SUPERVISOR",NULL,NULL,"2012-11-07 00:00:00","0",NULL,NULL,NULL,NULL,"2012-11-07 00:00:00","1"
"1116","INTERGRATED MANAGEMENT OF CHILDHOOD ILLNESS MANAGER",NULL,NULL,"2012-11-07 00:00:00","0",NULL,NULL,NULL,NULL,"2012-11-07 00:00:00","1"
"111713","HAND MAN",NULL,NULL,"2012-11-07 00:00:00","0",NULL,NULL,NULL,NULL,"2012-11-07 00:00:00","1"
"111880","ORDERLY STEWARD 11",NULL,NULL,"2012-11-07 00:00:00","0",NULL,NULL,NULL,NULL,"2012-11-07 00:00:00","1"
"112261","TAILOR 1/II",NULL,NULL,"2012-11-07 00:00:00","0",NULL,NULL,NULL,NULL,"2012-11-07 00:00:00","1"
"112760","DENTAL SURGERY ASSISTANT",NULL,NULL,"2012-11-07 00:00:00","0",NULL,NULL,NULL,NULL,"2012-11-07 00:00:00","1"
"112832","INSTITUTIONAL DOMESTIC SUPERVISOR",NULL,NULL,"2012-11-07 00:00:00","0",NULL,NULL,NULL,NULL,"2012-11-07 00:00:00","1"
"112982","HOUSE KEEPER",NULL,NULL,"2012-11-07 00:00:00","0",NULL,NULL,NULL,NULL,"2012-11-07 00:00:00","1"
"113300","PACKER,CSSD,SENIOR",NULL,NULL,"2012-11-07 00:00:00","0",NULL,NULL,NULL,NULL,"2012-11-07 00:00:00","1"
"113471","SENIOR STORES ASSISTANT",NULL,NULL,"2012-11-07 00:00:00","0",NULL,NULL,NULL,NULL,"2012-11-07 00:00:00","1"
"113650","THEATRE DISPOSAL SUPERVISOR",NULL,NULL,"2012-11-07 00:00:00","0",NULL,NULL,NULL,NULL,"2012-11-07 00:00:00","1"
"113850","ASSISTANT CATERING SUPERVISOR",NULL,NULL,"2012-11-07 00:00:00","0",NULL,NULL,NULL,NULL,"2012-11-07 00:00:00","1"
"113960","LAUNDRY SUPERINTENDEND ASSISTANT",NULL,NULL,"2012-11-07 00:00:00","0",NULL,NULL,NULL,NULL,"2012-11-07 00:00:00","1"
"114100","CLEANING SURPERVISOR",NULL,NULL,"2012-11-07 00:00:00","0",NULL,NULL,NULL,NULL,"2012-11-07 00:00:00","1"
"114300","LADY WARDEN",NULL,NULL,"2012-11-07 00:00:00","0",NULL,NULL,NULL,NULL,"2012-11-07 00:00:00","1"
"114320","LINEN ROOM CONTROLLER 2",NULL,NULL,"2012-11-07 00:00:00","0",NULL,NULL,NULL,NULL,"2012-11-07 00:00:00","1"
"114763","STOREMAN",NULL,NULL,"2012-11-07 00:00:00","0",NULL,NULL,NULL,NULL,"2012-11-07 00:00:00","1"
"114940","WARD DOMESTIC SUPERVISOR",NULL,NULL,"2012-11-07 00:00:00","0",NULL,NULL,NULL,NULL,"2012-11-07 00:00:00","1"
"115700","OCCUPATIONAL THERAPIST",NULL,NULL,"2012-11-07 00:00:00","0",NULL,NULL,NULL,NULL,"2012-11-07 00:00:00","1"
"116050","SUPERVISOR(HEALTH)",NULL,NULL,"2012-11-07 00:00:00","0",NULL,NULL,NULL,NULL,"2012-11-07 00:00:00","1"
"116052","MORTUARY SUPERVISOR",NULL,NULL,"2012-11-07 00:00:00","0",NULL,NULL,NULL,NULL,"2012-11-07 00:00:00","1"
"116081","SUPERVISOR 1",NULL,NULL,"2012-11-07 00:00:00","0",NULL,NULL,NULL,NULL,"2012-11-07 00:00:00","1"
"116411","BLOCKMAN",NULL,NULL,"2012-11-07 00:00:00","0",NULL,NULL,NULL,NULL,"2012-11-07 00:00:00","1"
"116850","LAUNDRY SUPERITENTENDENT 1",NULL,NULL,"2012-11-07 00:00:00","0",NULL,NULL,NULL,NULL,"2012-11-07 00:00:00","1"
"118400","STEWARD /SECURITY",NULL,NULL,"2012-11-07 00:00:00","0",NULL,NULL,NULL,NULL,"2012-11-07 00:00:00","1"
"119000","CATERING  MANAGER /SUPERINTENDENT",NULL,NULL,"2012-11-07 00:00:00","0",NULL,NULL,NULL,NULL,"2012-11-07 00:00:00","1"
"119500","LAUNDRY MANAGER",NULL,NULL,"2012-11-07 00:00:00","0",NULL,NULL,NULL,NULL,"2012-11-07 00:00:00","1"
"12","DIRECTOR NURSING SERVICES",NULL,NULL,"2012-11-07 00:00:00","0",NULL,NULL,NULL,NULL,"2012-11-07 00:00:00","1"
"1200","DISTRICT NURSING OFFICER",NULL,NULL,"2012-11-07 00:00:00","0",NULL,NULL,NULL,NULL,"2012-11-07 00:00:00","1"
"120488","COOK",NULL,NULL,"2012-11-07 00:00:00","0",NULL,NULL,NULL,NULL,"2012-11-07 00:00:00","1"
"120950","LINEN CHECKER",NULL,NULL,"2012-11-07 00:00:00","0",NULL,NULL,NULL,NULL,"2012-11-07 00:00:00","1"
"121025","MORTUARY ATTENDANT 11",NULL,NULL,"2012-11-07 00:00:00","0",NULL,NULL,NULL,NULL,"2012-11-07 00:00:00","1"
"12120","MEDICAL LABORATORY TECHNCIAN",NULL,NULL,"2012-11-07 00:00:00","0",NULL,NULL,NULL,NULL,"2012-11-07 00:00:00","1"
"121300","SEWING SUPERVISOR",NULL,NULL,"2012-11-07 00:00:00","0",NULL,NULL,NULL,NULL,"2012-11-07 00:00:00","1"
"121551","TECHNICAL ASSISTANT 1",NULL,NULL,"2012-11-07 00:00:00","0",NULL,NULL,NULL,NULL,"2012-11-07 00:00:00","1"
"121700","XRAY OPERATOR TRAINEE",NULL,NULL,"2012-11-07 00:00:00","0",NULL,NULL,NULL,NULL,"2012-11-07 00:00:00","1"
"122","COMISSIONING OFFICER",NULL,NULL,"2012-11-07 00:00:00","0",NULL,NULL,NULL,NULL,"2012-11-07 00:00:00","1"
"122360","DISPENSARY ASSISTANT",NULL,NULL,"2012-11-07 00:00:00","0",NULL,NULL,NULL,NULL,"2012-11-07 00:00:00","1"
"122600","FIELD SUPERVISOR",NULL,NULL,"2012-11-07 00:00:00","0",NULL,NULL,NULL,NULL,"2012-11-07 00:00:00","1"
"12345","EMERGENCY PREPAREDNESS MANAGER",NULL,NULL,"2012-11-07 00:00:00","0",NULL,NULL,NULL,NULL,"2012-11-07 00:00:00","1"
"123662","STORES ASSISTANT 11",NULL,NULL,"2012-11-07 00:00:00","0",NULL,NULL,NULL,NULL,"2012-11-07 00:00:00","1"
"123698","DEPUTY CHIEF PATHOLOGIST",NULL,NULL,"2012-11-07 00:00:00","0",NULL,NULL,NULL,NULL,"2012-11-07 00:00:00","1"
"125023","LABORATORY HAND",NULL,NULL,"2012-11-07 00:00:00","0",NULL,NULL,NULL,NULL,"2012-11-07 00:00:00","1"
"125150","MORTUARY ATTENDANT 1",NULL,NULL,"2012-11-07 00:00:00","0",NULL,NULL,NULL,NULL,"2012-11-07 00:00:00","1"
"126304","DRIVER",NULL,NULL,"2012-11-07 00:00:00","0",NULL,NULL,NULL,NULL,"2012-11-07 00:00:00","1"
"126750","LEPROSY SCOUT",NULL,NULL,"2012-11-07 00:00:00","0",NULL,NULL,NULL,NULL,"2012-11-07 00:00:00","1"
"128","HOSTEL WARDEN",NULL,NULL,"2012-11-07 00:00:00","0",NULL,NULL,NULL,NULL,"2012-11-07 00:00:00","1"
"128273","CATERING  SUPERVISOR  ",NULL,NULL,"2012-11-07 00:00:00","0",NULL,NULL,NULL,NULL,"2012-11-07 00:00:00","1"
"128400","CSSD PACKER/ SENIOR",NULL,NULL,"2012-11-07 00:00:00","0",NULL,NULL,NULL,NULL,"2012-11-07 00:00:00","1"
"128700","HOSPITAL EQUIPMENT REPAIRER",NULL,NULL,"2012-11-07 00:00:00","0",NULL,NULL,NULL,NULL,"2012-11-07 00:00:00","1"
"129300","SEAMSTRESS",NULL,NULL,"2012-11-07 00:00:00","0",NULL,NULL,NULL,NULL,"2012-11-07 00:00:00","1"
"129400","SENIOR FIELD SUPERVISOR",NULL,NULL,"2012-11-07 00:00:00","0",NULL,NULL,NULL,NULL,"2012-11-07 00:00:00","1"
"129572","LABORATORY HANDY SENIOR",NULL,NULL,"2012-11-07 00:00:00","0",NULL,NULL,NULL,NULL,"2012-11-07 00:00:00","1"
"129700","TRAINEE IDS",NULL,NULL,"2012-11-07 00:00:00","0",NULL,NULL,NULL,NULL,"2012-11-07 00:00:00","1"
"13","DIRECTOR PERFORMANCE MANAGEMENT",NULL,NULL,"2012-11-07 00:00:00","0",NULL,NULL,NULL,NULL,"2012-11-07 00:00:00","1"
"131300","LAUNDRY HAND",NULL,NULL,"2012-11-07 00:00:00","0",NULL,NULL,NULL,NULL,"2012-11-07 00:00:00","1"
"131752","OFFICE ORDERLY",NULL,NULL,"2012-11-07 00:00:00","0",NULL,NULL,NULL,NULL,"2012-11-07 00:00:00","1"
"132102","STORES HAND",NULL,NULL,"2012-11-07 00:00:00","0",NULL,NULL,NULL,NULL,"2012-11-07 00:00:00","1"
"132250","TRAINEE ENVERONMENTAL HEALTH TECHNICIAN",NULL,NULL,"2012-11-07 00:00:00","0",NULL,NULL,NULL,NULL,"2012-11-07 00:00:00","1"
"132300","REHABILITATION ASSISTANT TRAINEE",NULL,NULL,"2012-11-07 00:00:00","0",NULL,NULL,NULL,NULL,"2012-11-07 00:00:00","1"
"132421","WAITER",NULL,NULL,"2012-11-07 00:00:00","0",NULL,NULL,NULL,NULL,"2012-11-07 00:00:00","1"
"133200","GENERAL HAND",NULL,NULL,"2012-11-07 00:00:00","0",NULL,NULL,NULL,NULL,"2012-11-07 00:00:00","1"
"133202","HOSPITAL HAND",NULL,NULL,"2012-11-07 00:00:00","0",NULL,NULL,NULL,NULL,"2012-11-07 00:00:00","1"
"133230","HOSPITAL SECURITY GUARD",NULL,NULL,"2012-11-07 00:00:00","0",NULL,NULL,NULL,NULL,"2012-11-07 00:00:00","1"
"134203","SECURITY GUARD",NULL,NULL,"2012-11-07 00:00:00","0",NULL,NULL,NULL,NULL,"2012-11-07 00:00:00","1"
"135","PERSONAL ASSISTANT TO MINISTER",NULL,NULL,"2012-11-07 00:00:00","0",NULL,NULL,NULL,NULL,"2012-11-07 00:00:00","1"
"135752","FIELD ORDERLY",NULL,NULL,"2012-11-07 00:00:00","0",NULL,NULL,NULL,NULL,"2012-11-07 00:00:00","1"
"136450","MORTUARY ATTENDANT 111",NULL,NULL,"2012-11-07 00:00:00","0",NULL,NULL,NULL,NULL,"2012-11-07 00:00:00","1"
"137","PROCUREMENT OFFICER",NULL,NULL,"2012-11-07 00:00:00","0",NULL,NULL,NULL,NULL,"2012-11-07 00:00:00","1"
"137103","SENIOR HAND ",NULL,NULL,"2012-11-07 00:00:00","0",NULL,NULL,NULL,NULL,"2012-11-07 00:00:00","1"
"137172","SENIOR OFFICE ORDERLY",NULL,NULL,"2012-11-07 00:00:00","0",NULL,NULL,NULL,NULL,"2012-11-07 00:00:00","1"
"137220","SEWING ASSISTANT (PERSONAL TO HOLDER)",NULL,NULL,"2012-11-07 00:00:00","0",NULL,NULL,NULL,NULL,"2012-11-07 00:00:00","1"
"137223","SEWING ASSISTANT",NULL,NULL,"2012-11-07 00:00:00","0",NULL,NULL,NULL,NULL,"2012-11-07 00:00:00","1"
"137400","TRAINEE STATE CERT. LAB. ASSISTANT",NULL,NULL,"2012-11-07 00:00:00","0",NULL,NULL,NULL,NULL,"2012-11-07 00:00:00","1"
"137630","SUPERVISOR ASSISTANT ",NULL,NULL,"2012-11-07 00:00:00","0",NULL,NULL,NULL,NULL,"2012-11-07 00:00:00","1"
"137720","BUTCHERY HAND",NULL,NULL,"2012-11-07 00:00:00","0",NULL,NULL,NULL,NULL,"2012-11-07 00:00:00","1"
"137860","DARKROOM ASSISTANT",NULL,NULL,"2012-11-07 00:00:00","0",NULL,NULL,NULL,NULL,"2012-11-07 00:00:00","1"
"138181","HEALTH ORDERLY",NULL,NULL,"2012-11-07 00:00:00","0",NULL,NULL,NULL,NULL,"2012-11-07 00:00:00","1"
"138403","LABORATORY HAND 11",NULL,NULL,"2012-11-07 00:00:00","0",NULL,NULL,NULL,NULL,"2012-11-07 00:00:00","1"
"138550","NURSE AID",NULL,NULL,"2012-11-07 00:00:00","0",NULL,NULL,NULL,NULL,"2012-11-07 00:00:00","1"
"138600","ORTHOPAEDIC ASSISTANT 11",NULL,NULL,"2012-11-07 00:00:00","0",NULL,NULL,NULL,NULL,"2012-11-07 00:00:00","1"
"138854","COPYING/DUPLICATING OPERATOR SENIOR",NULL,NULL,"2012-11-07 00:00:00","0",NULL,NULL,NULL,NULL,"2012-11-07 00:00:00","1"
"139251","STORES ASSISTANT 111",NULL,NULL,"2012-11-07 00:00:00","0",NULL,NULL,NULL,NULL,"2012-11-07 00:00:00","1"
"139752","WORKSHOP HAND",NULL,NULL,"2012-11-07 00:00:00","0",NULL,NULL,NULL,NULL,"2012-11-07 00:00:00","1"
"139900","XRAY ATTENDANT",NULL,NULL,"2012-11-07 00:00:00","0",NULL,NULL,NULL,NULL,"2012-11-07 00:00:00","1"
"14","DIRECTOR PHARMACY SERVICES",NULL,NULL,"2012-11-07 00:00:00","0",NULL,NULL,NULL,NULL,"2012-11-07 00:00:00","1"
"15","DIRECTOR POLICY AND PLANNING",NULL,NULL,"2012-11-07 00:00:00","0",NULL,NULL,NULL,NULL,"2012-11-07 00:00:00","1"
"16","DIRECTOR QUALITY ASSURANCE",NULL,NULL,"2012-11-07 00:00:00","0",NULL,NULL,NULL,NULL,"2012-11-07 00:00:00","1"
"17","DIRECTOR TRADITIONAL MEDICINE",NULL,NULL,"2012-11-07 00:00:00","0",NULL,NULL,NULL,NULL,"2012-11-07 00:00:00","1"
"18","DEPUTY DIRECTOR NURSE TRAINING AND ADMINISTRATION",NULL,NULL,"2012-11-07 00:00:00","0",NULL,NULL,NULL,NULL,"2012-11-07 00:00:00","1"
"19","WATER SANITATION AND WASTE MANAGEMENT COORDINATOR ",NULL,NULL,"2012-11-07 00:00:00","0",NULL,NULL,NULL,NULL,"2012-11-07 00:00:00","1"
"20","FOOD SAFETY AND PORT HEALTH COORDINATOR",NULL,NULL,"2012-11-07 00:00:00","0",NULL,NULL,NULL,NULL,"2012-11-07 00:00:00","1"
"20202","ENVIRONMENTAL TECHNCIAN",NULL,NULL,"2012-11-07 00:00:00","0",NULL,NULL,NULL,NULL,"2012-11-07 00:00:00","1"
"21","WATER AND SANITATION MANAGER/WASTE  MANAGER",NULL,NULL,"2012-11-07 00:00:00","0",NULL,NULL,NULL,NULL,"2012-11-07 00:00:00","1"
"21210","SCIENTIFIC LABORATORY TECHNCIAN",NULL,NULL,"2012-11-07 00:00:00","0",NULL,NULL,NULL,NULL,"2012-11-07 00:00:00","1"
"22","PORT HEALTH MANAGER/FOOD SAFETY MANAGER",NULL,NULL,"2012-11-07 00:00:00","0",NULL,NULL,NULL,NULL,"2012-11-07 00:00:00","1"
"22233","DIRECTOR GOVERNMENT ANALYST",NULL,NULL,"2012-11-07 00:00:00","0",NULL,NULL,NULL,NULL,"2012-11-07 00:00:00","1"
"22255","DEPUTY DIRECTOR GOVERNMENT ANALYST/FOOD CONTROL",NULL,NULL,"2012-11-07 00:00:00","0",NULL,NULL,NULL,NULL,"2012-11-07 00:00:00","1"
"23","CHIEF RADIATION PROTECTION OFFICER",NULL,NULL,"2012-11-07 00:00:00","0",NULL,NULL,NULL,NULL,"2012-11-07 00:00:00","1"
"23233","CHIEF FIELD SUPERVISOR",NULL,NULL,"2012-11-07 00:00:00","0",NULL,NULL,NULL,NULL,"2012-11-07 00:00:00","1"
"24","PHARMACY LOGISTICS AND RESEARCH COORDINATOR",NULL,NULL,"2012-11-07 00:00:00","0",NULL,NULL,NULL,NULL,"2012-11-07 00:00:00","1"
"25","PHARMACY LOGISTICS AND RESEARCH OFFICER",NULL,NULL,"2012-11-07 00:00:00","0",NULL,NULL,NULL,NULL,"2012-11-07 00:00:00","1"
"256123","MATRON II",NULL,NULL,"2012-11-07 00:00:00","0",NULL,NULL,NULL,NULL,"2012-11-07 00:00:00","1"
"26","PHARMACIST SENIOR/PRINCIPAL (TRAINING OFFICER)",NULL,NULL,"2012-11-07 00:00:00","0",NULL,NULL,NULL,NULL,"2012-11-07 00:00:00","1"
"27","PHARMACY CADET",NULL,NULL,"2012-11-07 00:00:00","0",NULL,NULL,NULL,NULL,"2012-11-07 00:00:00","1"
"28","TRAINEE PHARMACY TECHNICIAN",NULL,NULL,"2012-11-07 00:00:00","0",NULL,NULL,NULL,NULL,"2012-11-07 00:00:00","1"
"29","DEPUTY DIRECTOR NUTRITION",NULL,NULL,"2012-11-07 00:00:00","0",NULL,NULL,NULL,NULL,"2012-11-07 00:00:00","1"
"30","NUTRITION INTERVENTION MANAGER",NULL,NULL,"2012-11-07 00:00:00","0",NULL,NULL,NULL,NULL,"2012-11-07 00:00:00","1"
"300003","HEALTH TRAINING OFFICER",NULL,NULL,"2012-11-07 00:00:00","0",NULL,NULL,NULL,NULL,"2012-11-07 00:00:00","1"
"300005","STATE CERTIFIED MEDICAL LABORATORY TECHNICIAN/SNR TRAINEE",NULL,NULL,"2012-11-07 00:00:00","0",NULL,NULL,NULL,NULL,"2012-11-07 00:00:00","1"
"300007","ORTHOPEADIC ASSISTANT",NULL,NULL,"2012-11-07 00:00:00","0",NULL,NULL,NULL,NULL,"2012-11-07 00:00:00","1"
"300008","PROVINCIAL EPI OFFICER",NULL,NULL,"2012-11-07 00:00:00","0",NULL,NULL,NULL,NULL,"2012-11-07 00:00:00","1"
"300009","PROVINCIAL EPIDEMIOLOGY/DISEASE CONTROL OFFICER",NULL,NULL,"2012-11-07 00:00:00","0",NULL,NULL,NULL,NULL,"2012-11-07 00:00:00","1"
"300010","PROVINCIAL HEALTH PROMOTION OFFICER",NULL,NULL,"2012-11-07 00:00:00","0",NULL,NULL,NULL,NULL,"2012-11-07 00:00:00","1"
"300015","DIRECTOR BLAIR RESEARCH",NULL,NULL,"2012-11-07 00:00:00","0",NULL,NULL,NULL,NULL,"2012-11-07 00:00:00","1"
"300018","PRINCIPAL MEDICAL RESEARCH OFFICER",NULL,NULL,"2012-11-07 00:00:00","0",NULL,NULL,NULL,NULL,"2012-11-07 00:00:00","1"
"300019","EXECUTIVE ASSISTANT/SENIOR/PRINCIPAL",NULL,NULL,"2012-11-07 00:00:00","0",NULL,NULL,NULL,NULL,"2012-11-07 00:00:00","1"
"300020","TRAINEE MIDWIVES",NULL,NULL,"2012-11-07 00:00:00","0",NULL,NULL,NULL,NULL,"2012-11-07 00:00:00","1"
"300021","SENIOR FIELD ORDERLY",NULL,NULL,"2012-11-07 00:00:00","0",NULL,NULL,NULL,NULL,"2012-11-07 00:00:00","1"
"300022","DENTAL THERAPY TUTOR",NULL,NULL,"2012-11-07 00:00:00","0",NULL,NULL,NULL,NULL,"2012-11-07 00:00:00","1"
"300024","PHYSIOTHERAPY /OCCUPATIONAL/TUTOR/SENIOR/PRINCIPAL",NULL,NULL,"2012-11-07 00:00:00","0",NULL,NULL,NULL,NULL,"2012-11-07 00:00:00","1"
"300025","SENIOR REHABILITATION TECHNICIAN",NULL,NULL,"2012-11-07 00:00:00","0",NULL,NULL,NULL,NULL,"2012-11-07 00:00:00","1"
"300026","REHABILITATION  TECH  TUTOR",NULL,NULL,"2012-11-07 00:00:00","0",NULL,NULL,NULL,NULL,"2012-11-07 00:00:00","1"
"300030","COXSWAIN",NULL,NULL,"2012-11-07 00:00:00","0",NULL,NULL,NULL,NULL,"2012-11-07 00:00:00","1"
"300031","DISTRICT ENVIRONMENTAL HEALTH OFFICER",NULL,NULL,"2012-11-07 00:00:00","0",NULL,NULL,NULL,NULL,"2012-11-07 00:00:00","1"
"3036","EXECUTIVE OFFICER OF HEALTH",NULL,NULL,"2012-11-07 00:00:00","0",NULL,NULL,NULL,NULL,"2012-11-07 00:00:00","1"
"31","NUTRITION EMERGENCY PREPAREDNESS AND SURVEILLANCE MANAGER",NULL,NULL,"2012-11-07 00:00:00","0",NULL,NULL,NULL,NULL,"2012-11-07 00:00:00","1"
"32","NUTRITIONIST SENIOR/PRINCIPAL (TRAINING OFFICER)",NULL,NULL,"2012-11-07 00:00:00","0",NULL,NULL,NULL,NULL,"2012-11-07 00:00:00","1"
"33","NUTRITION LOGISTICS OFFICER",NULL,NULL,"2012-11-07 00:00:00","0",NULL,NULL,NULL,NULL,"2012-11-07 00:00:00","1"
"336651","SYSTEMS ADMINISTRATOR",NULL,NULL,"2012-11-07 00:00:00","0",NULL,NULL,NULL,NULL,"2012-11-07 00:00:00","1"
"34","TRAINEE INSTITUTIONAL DOMESTIC SUPERVISOR",NULL,NULL,"2012-11-07 00:00:00","0",NULL,NULL,NULL,NULL,"2012-11-07 00:00:00","1"
"35","TB REFERENCE LABORATORY SERVICES COORDINATOR",NULL,NULL,"2012-11-07 00:00:00","0",NULL,NULL,NULL,NULL,"2012-11-07 00:00:00","1"
"36","MICROBIOLOGY REFERENCE LABORATORY SERVICES COORDINATOR",NULL,NULL,"2012-11-07 00:00:00","0",NULL,NULL,NULL,NULL,"2012-11-07 00:00:00","1"
"369521","MEDICAL SOCIAL WORKER",NULL,NULL,"2012-11-07 00:00:00","0",NULL,NULL,NULL,NULL,"2012-11-07 00:00:00","1"
"369852","CHIEF ACCOUNTANT",NULL,NULL,"2012-11-07 00:00:00","0",NULL,NULL,NULL,NULL,"2012-11-07 00:00:00","1"
"37","CLINICAL LABORATORY SERVICES COORDINATOR ",NULL,NULL,"2012-11-07 00:00:00","0",NULL,NULL,NULL,NULL,"2012-11-07 00:00:00","1"
"38","TRADITIONAL MEDICINE POLICY AND PRACTICE CONTROL COORDINATOR",NULL,NULL,"2012-11-07 00:00:00","0",NULL,NULL,NULL,NULL,"2012-11-07 00:00:00","1"
"39","TRADITIONAL MEDICINE RESEARCH AND INFORMATION COORDINATOR",NULL,NULL,"2012-11-07 00:00:00","0",NULL,NULL,NULL,NULL,"2012-11-07 00:00:00","1"
"40","HEALTH PROMOTION COORDINATOR",NULL,NULL,"2012-11-07 00:00:00","0",NULL,NULL,NULL,NULL,"2012-11-07 00:00:00","1"
"41","HEALTH PROMOTION MANAGER",NULL,NULL,"2012-11-07 00:00:00","0",NULL,NULL,NULL,NULL,"2012-11-07 00:00:00","1"
"42","GRAPHIC ARTIST",NULL,NULL,"2012-11-07 00:00:00","0",NULL,NULL,NULL,NULL,"2012-11-07 00:00:00","1"
"43","HEALTH INFORMATION AND SURVEILLANCE COORDINATOR",NULL,NULL,"2012-11-07 00:00:00","0",NULL,NULL,NULL,NULL,"2012-11-07 00:00:00","1"
"44","SURVEILLANCE MANAGER",NULL,NULL,"2012-11-07 00:00:00","0",NULL,NULL,NULL,NULL,"2012-11-07 00:00:00","1"
"45","HIV AND AIDS STI AND TB SURVEILLANCE",NULL,NULL,"2012-11-07 00:00:00","0",NULL,NULL,NULL,NULL,"2012-11-07 00:00:00","1"
"46","HEALTH INFORMATION MANAGER",NULL,NULL,"2012-11-07 00:00:00","0",NULL,NULL,NULL,NULL,"2012-11-07 00:00:00","1"
"47","HEALTH SURVEILLANCE OFFICER",NULL,NULL,"2012-11-07 00:00:00","0",NULL,NULL,NULL,NULL,"2012-11-07 00:00:00","1"
"48","SURVEILLANCE ASSISTANT ",NULL,NULL,"2012-11-07 00:00:00","0",NULL,NULL,NULL,NULL,"2012-11-07 00:00:00","1"
"49","DEPUTY DIRECTOR HOSPITAL PLANNING AND PROJECT MANAGEMENT",NULL,NULL,"2012-11-07 00:00:00","0",NULL,NULL,NULL,NULL,"2012-11-07 00:00:00","1"
"50","HOSPITAL EQUIPMENT MANAGER",NULL,NULL,"2012-11-07 00:00:00","0",NULL,NULL,NULL,NULL,"2012-11-07 00:00:00","1"
"51","HOSPITAL PLANNING MANAGER(ENGINEER)",NULL,NULL,"2012-11-07 00:00:00","0",NULL,NULL,NULL,NULL,"2012-11-07 00:00:00","1"
"52","FACILITIES PLANNING ADMINISTRATIVE OFFICER SENIOR/PRINCIPAL",NULL,NULL,"2012-11-07 00:00:00","0",NULL,NULL,NULL,NULL,"2012-11-07 00:00:00","1"
"524163","COMPUTER TECHNICIAN",NULL,NULL,"2012-11-07 00:00:00","0",NULL,NULL,NULL,NULL,"2012-11-07 00:00:00","1"
"525236","OFFICE ORDERLIES",NULL,NULL,"2012-11-07 00:00:00","0",NULL,NULL,NULL,NULL,"2012-11-07 00:00:00","1"
"53","INFRASTRUCTURE MAINTENANCE OFFICER(ADMINISTRATIVE OFFICER)",NULL,NULL,"2012-11-07 00:00:00","0",NULL,NULL,NULL,NULL,"2012-11-07 00:00:00","1"
"54","QUALITY ASSURANCE COORDINATOR",NULL,NULL,"2012-11-07 00:00:00","0",NULL,NULL,NULL,NULL,"2012-11-07 00:00:00","1"
"55","PERFORMANCE MONITORING AND EVALUATION",NULL,NULL,"2012-11-07 00:00:00","0",NULL,NULL,NULL,NULL,"2012-11-07 00:00:00","1"
"55588","DIETICIAN",NULL,NULL,"2012-11-07 00:00:00","0",NULL,NULL,NULL,NULL,"2012-11-07 00:00:00","1"
"56","DEPUTY DIRECTOR POLICY AND PLANNING",NULL,NULL,"2012-11-07 00:00:00","0",NULL,NULL,NULL,NULL,"2012-11-07 00:00:00","1"
"56565","DEPUTY DIRECTOR GOVERNMENT ANALYST/ADMIN,TOXI, CLINICAL",NULL,NULL,"2012-11-07 00:00:00","0",NULL,NULL,NULL,NULL,"2012-11-07 00:00:00","1"
"57","LEGISLATION OFFICER SENIOR/PRINCIPAL",NULL,NULL,"2012-11-07 00:00:00","0",NULL,NULL,NULL,NULL,"2012-11-07 00:00:00","1"
"58","STRATEGY AND POLICY DEVELOPMENT OFFICER SENIOR PRINCIPAL",NULL,NULL,"2012-11-07 00:00:00","0",NULL,NULL,NULL,NULL,"2012-11-07 00:00:00","1"
"59","PLANNING AND DONOR COORDINATION OFFICER SENIOR PRINCIPAL",NULL,NULL,"2012-11-07 00:00:00","0",NULL,NULL,NULL,NULL,"2012-11-07 00:00:00","1"
"60","DEPUTY DIRECTOR HUMAN RESOURCES",NULL,NULL,"2012-11-07 00:00:00","0",NULL,NULL,NULL,NULL,"2012-11-07 00:00:00","1"
"62","HUMAN RESOURCES OFFICER SENIOR/PRINCIPAL",NULL,NULL,"2012-11-07 00:00:00","0",NULL,NULL,NULL,NULL,"2012-11-07 00:00:00","1"
"63","PRINCIPAL EXECUTIVE ASSISTANT",NULL,NULL,"2012-11-07 00:00:00","0",NULL,NULL,NULL,NULL,"2012-11-07 00:00:00","1"
"64","LIBRARIAN SENIOR/PRINCIPAL",NULL,NULL,"2012-11-07 00:00:00","0",NULL,NULL,NULL,NULL,"2012-11-07 00:00:00","1"
"65","AUDITOR /SENIOR/ PRINCIPAL",NULL,NULL,"2012-11-07 00:00:00","0",NULL,NULL,NULL,NULL,"2012-11-07 00:00:00","1"
"66","ACCOUNTANT SENIOR/ PRINCIPAL",NULL,NULL,"2012-11-07 00:00:00","0",NULL,NULL,NULL,NULL,"2012-11-07 00:00:00","1"
"665214","CARPENTER (I/II/III)",NULL,NULL,"2012-11-07 00:00:00","0",NULL,NULL,NULL,NULL,"2012-11-07 00:00:00","1"
"669810","RECORDS AND INFORMATION ASSISTANT",NULL,NULL,"2012-11-07 00:00:00","0",NULL,NULL,NULL,NULL,"2012-11-07 00:00:00","1"
"669852","ORTHOPAEDIC ASSISTANT FITTER/ SEC",NULL,NULL,"2012-11-07 00:00:00","0",NULL,NULL,NULL,NULL,"2012-11-07 00:00:00","1"
"67","INFORMATION TECHNOLOGY COORDINATOR",NULL,NULL,"2012-11-07 00:00:00","0",NULL,NULL,NULL,NULL,"2012-11-07 00:00:00","1"
"68","SOFTWARE PROGRAMME ANALYST",NULL,NULL,"2012-11-07 00:00:00","0",NULL,NULL,NULL,NULL,"2012-11-07 00:00:00","1"
"69","GIS TECHNICIAN",NULL,NULL,"2012-11-07 00:00:00","0",NULL,NULL,NULL,NULL,"2012-11-07 00:00:00","1"
"693258","MORTUARY HANDS",NULL,NULL,"2012-11-07 00:00:00","0",NULL,NULL,NULL,NULL,"2012-11-07 00:00:00","1"
"70","DEPUTY DIRECTOR ADMINSTRATION",NULL,NULL,"2012-11-07 00:00:00","0",NULL,NULL,NULL,NULL,"2012-11-07 00:00:00","1"
"71","LOGISTICS AND ADMINSTRATION OFFICER",NULL,NULL,"2012-11-07 00:00:00","0",NULL,NULL,NULL,NULL,"2012-11-07 00:00:00","1"
"73","ADOLESCENT HEALTH SERVICES MANAGER",NULL,NULL,"2012-11-07 00:00:00","0",NULL,NULL,NULL,NULL,"2012-11-07 00:00:00","1"
"74","REPRODUCTIVE HEALTH SERVICES MANAGER",NULL,NULL,"2012-11-07 00:00:00","0",NULL,NULL,NULL,NULL,"2012-11-07 00:00:00","1"
"741996","LINEN CHEKER",NULL,NULL,"2012-11-07 00:00:00","0",NULL,NULL,NULL,NULL,"2012-11-07 00:00:00","1"
"7489256","MANAGER INTERNAL AUDIT",NULL,NULL,"2012-11-07 00:00:00","0",NULL,NULL,NULL,NULL,"2012-11-07 00:00:00","1"
"75","OCCUPATIONAL HEALTH AND INJURY COORDINATOR",NULL,NULL,"2012-11-07 00:00:00","0",NULL,NULL,NULL,NULL,"2012-11-07 00:00:00","1"
"76","OCCUPATIONAL HEALTH AND INJURY MANAGER",NULL,NULL,"2012-11-07 00:00:00","0",NULL,NULL,NULL,NULL,"2012-11-07 00:00:00","1"
"77","MENTAL HEALTH DEPUTY DIRECTOR",NULL,NULL,"2012-11-07 00:00:00","0",NULL,NULL,NULL,NULL,"2012-11-07 00:00:00","1"
"78","MENTAL HEALTH SERVICES MANAGER",NULL,NULL,"2012-11-07 00:00:00","0",NULL,NULL,NULL,NULL,"2012-11-07 00:00:00","1"
"789045","PRIMARY HEALTH CARE WORKER TRAINER",NULL,NULL,"2012-11-07 00:00:00","0",NULL,NULL,NULL,NULL,"2012-11-07 00:00:00","1"
"789625","PHARMACY STORES CONTROLLER",NULL,NULL,"2012-11-07 00:00:00","0",NULL,NULL,NULL,NULL,"2012-11-07 00:00:00","1"
"79","DEPUTY DIRECTOR STI, HIV AND AIDS",NULL,NULL,"2012-11-07 00:00:00","0",NULL,NULL,NULL,NULL,"2012-11-07 00:00:00","1"
"80","DEPUTY DIRECTOR TB CONTROL",NULL,NULL,"2012-11-07 00:00:00","0",NULL,NULL,NULL,NULL,"2012-11-07 00:00:00","1"
"8000","OPERATIONS MANAGER",NULL,NULL,"2012-11-07 00:00:00","0",NULL,NULL,NULL,NULL,"2012-11-07 00:00:00","1"
"80000","CADET",NULL,NULL,"2012-11-07 00:00:00","0",NULL,NULL,NULL,NULL,"2012-11-07 00:00:00","1"
"80001","DEPUTY MINISTER",NULL,NULL,"2012-11-07 00:00:00","0",NULL,NULL,NULL,NULL,"2012-11-07 00:00:00","1"
"80002","MINISTER",NULL,NULL,"2012-11-07 00:00:00","0",NULL,NULL,NULL,NULL,"2012-11-07 00:00:00","1"
"80005","BOARD MEMBER",NULL,NULL,"2012-11-07 00:00:00","0",NULL,NULL,NULL,NULL,"2012-11-07 00:00:00","1"
"80006","CHAIRMAN (HSB)",NULL,NULL,"2012-11-07 00:00:00","0",NULL,NULL,NULL,NULL,"2012-11-07 00:00:00","1"
"8001","PROVINCIAL THERAPIST",NULL,NULL,"2012-11-07 00:00:00","0",NULL,NULL,NULL,NULL,"2012-11-07 00:00:00","1"
"81","COUNSELLING SERVICES MANAGER",NULL,NULL,"2012-11-07 00:00:00","0",NULL,NULL,NULL,NULL,"2012-11-07 00:00:00","1"
"82","STI, HIV AND AIDS PREVENION CARE MANAGER ",NULL,NULL,"2012-11-07 00:00:00","0",NULL,NULL,NULL,NULL,"2012-11-07 00:00:00","1"
"83","CONDOM PROMOTION AND COMMUNICATION MANAGER",NULL,NULL,"2012-11-07 00:00:00","0",NULL,NULL,NULL,NULL,"2012-11-07 00:00:00","1"
"84","TB CONTROL MANAGER",NULL,NULL,"2012-11-07 00:00:00","0",NULL,NULL,NULL,NULL,"2012-11-07 00:00:00","1"
"85","LOGISTICS TB MANAGER",NULL,NULL,"2012-11-07 00:00:00","0",NULL,NULL,NULL,NULL,"2012-11-07 00:00:00","1"
"86","DEPUTY DIRECTOR COMMUNITY NURSING",NULL,NULL,"2012-11-07 00:00:00","0",NULL,NULL,NULL,NULL,"2012-11-07 00:00:00","1"
"87","DIRECTOR LABORATORY SERVICES",NULL,NULL,"2012-11-07 00:00:00","0",NULL,NULL,NULL,NULL,"2012-11-07 00:00:00","1"
"885204","ASSISTANT SYSTEMS ADMINISTRATOR",NULL,NULL,"2012-11-07 00:00:00","0",NULL,NULL,NULL,NULL,"2012-11-07 00:00:00","1"
"885623","HOME WARDEN",NULL,NULL,"2012-11-07 00:00:00","0",NULL,NULL,NULL,NULL,"2012-11-07 00:00:00","1"
"9000","ORTHOPAEDIC TECHNOLOGIST",NULL,NULL,"2012-11-07 00:00:00","0",NULL,NULL,NULL,NULL,"2012-11-07 00:00:00","1"
"9001","EXPANDED PROGRAM FOR IMMUNISATION OFFICER",NULL,NULL,"2012-11-07 00:00:00","0",NULL,NULL,NULL,NULL,"2012-11-07 00:00:00","1"
"9002","TB COODINATOR",NULL,NULL,"2012-11-07 00:00:00","0",NULL,NULL,NULL,NULL,"2012-11-07 00:00:00","1"
"90020","PSYCHIATRIC TRAINEE",NULL,NULL,"2012-11-07 00:00:00","0",NULL,NULL,NULL,NULL,"2012-11-07 00:00:00","1"
"9050","HOSPITAL ENGINEER",NULL,NULL,"2012-11-07 00:00:00","0",NULL,NULL,NULL,NULL,"2012-11-07 00:00:00","1"
"963525","CARPENTER",NULL,NULL,"2012-11-07 00:00:00","0",NULL,NULL,NULL,NULL,"2012-11-07 00:00:00","1"
"965823","DATA CAPTURE SUPERVISOR",NULL,NULL,"2012-11-07 00:00:00","0",NULL,NULL,NULL,NULL,"2012-11-07 00:00:00","1"
"965834","CATERING ATTENDANT I/II",NULL,NULL,"2012-11-07 00:00:00","0",NULL,NULL,NULL,NULL,"2012-11-07 00:00:00","1"
"985623","LINEN CONTROLLER I/II",NULL,NULL,"2012-11-07 00:00:00","0",NULL,NULL,NULL,NULL,"2012-11-07 00:00:00","1"
"996541","ASSISTANT HOSTELS SUPERVISOR",NULL,NULL,"2012-11-07 00:00:00","0",NULL,NULL,NULL,NULL,"2012-11-07 00:00:00","1"
"9985623","SENIOR TUTOR RADIOGRAPHY",NULL,NULL,"2012-11-07 00:00:00","0",NULL,NULL,NULL,NULL,"2012-11-07 00:00:00","1"
